Campaign,Coupon Title,Coupon Code, Start Date,End Date, Landing Page 
Ticketgoose CPS,Offer: Rs. 25 Off*,AFTG,02/03/2016,02/29/2016,http://tracking.payoom.com/aff_c?offer_id=146&aff_id=9070&url=http%3A%2F%2Fwww.ticketgoose.com%2Fbookbustickets%2F%3Futm_source%3Dpayom%26utm_medium%3Dcpa%26utm_campaign%3DFeb16%26utm_source%3Dpayom%26utm_medium%3DCPA%26utm_campaign%3DAffilApril14
Ticketgoose CPS,Offer: 20% Instant cashback* on paying through Paytm (Up to Rs. 100),,02/03/2016,02/15/2016,http://tracking.payoom.com/aff_c?offer_id=146&aff_id=9070&url=ttp%3A%2F%2Fwww.ticketgoose.com%2Fbookbustickets%2F%3Futm_source%3Dpayom%26utm_medium%3Dcpa%26utm_campaign%3DFeb16%26utm_source%3Dpayom%26utm_medium%3DCPA%26utm_campaign%3DAffilApril14
GreenDust - CPS,75 off on purchase of 999,GD16FEB75,02/03/2016,03/01/2016,http://tracking.payoom.com/aff_c?offer_id=717&aff_id=9070&url=http%3A%2F%2Fwww.greendust.com%2F%3Futm_source%3DPayoom%26utm_medium%3DAffiliate%26utm_campaign%3Dgeneral
GreenDust - CPS,50 off on purchase of 499,GD16FEB50,02/03/2016,03/01/2016,http://tracking.payoom.com/aff_c?offer_id=717&aff_id=9070&url=http%3A%2F%2Fwww.greendust.com%2F%3Futm_source%3DPayoom%26utm_medium%3DAffiliate%26utm_campaign%3Dgeneral
GreenDust - CPS,150 off  on purchase of on 2499, GD16FEB150,02/03/2016,03/01/2016,http://tracking.payoom.com/aff_c?offer_id=717&aff_id=9070&url=http%3A%2F%2Fwww.greendust.com%2F%3Futm_source%3DPayoom%26utm_medium%3DAffiliate%26utm_campaign%3Dgeneral
GreenDust - CPS,250 off on 4999,GD16FEB250,02/03/2016,03/01/2016,http://tracking.payoom.com/aff_c?offer_id=717&aff_id=9070&url=http%3A%2F%2Fwww.greendust.com%2F%3Futm_source%3DPayoom%26utm_medium%3DAffiliate%26utm_campaign%3Dgeneral
GreenDust - CPS,350 off on 9999,GD16FEB350,02/03/2016,03/01/2016,http://tracking.payoom.com/aff_c?offer_id=717&aff_id=9070&url=http%3A%2F%2Fwww.greendust.com%2F%3Futm_source%3DPayoom%26utm_medium%3DAffiliate%26utm_campaign%3Dgeneral
GreenDust - CPS,500 OFF ON 14999,GD16FEB500,02/03/2016,03/01/2016,http://tracking.payoom.com/aff_c?offer_id=717&aff_id=9070&url=http%3A%2F%2Fwww.greendust.com%2F%3Futm_source%3DPayoom%26utm_medium%3DAffiliate%26utm_campaign%3Dgeneral
GreenDust - CPS,750 OFF ON 17500,GD16FEB750,02/03/2016,03/01/2016,http://tracking.payoom.com/aff_c?offer_id=717&aff_id=9070&url=http%3A%2F%2Fwww.greendust.com%2F%3Futm_source%3DPayoom%26utm_medium%3DAffiliate%26utm_campaign%3Dgeneral
GreenDust - CPS,1000 OFF ON 20000, GD16FEB1000,02/03/2016,03/01/2016,http://tracking.payoom.com/aff_c?offer_id=717&aff_id=9070&url=http%3A%2F%2Fwww.greendust.com%2F%3Futm_source%3DPayoom%26utm_medium%3DAffiliate%26utm_campaign%3Dgeneral
GreenDust - CPS,1500 off on 25000,GD16FEB1500,02/03/2016,03/01/2016,http://tracking.payoom.com/aff_c?offer_id=717&aff_id=9070&url=http%3A%2F%2Fwww.greendust.com%2F%3Futm_source%3DPayoom%26utm_medium%3DAffiliate%26utm_campaign%3Dgeneral
JoyByNature - CPS,10% flat discount ,PAYOOM10 ,02/03/2016,07/31/2016,http://tracking.payoom.com/aff_c?offer_id=796&aff_id=9070&url=http%3A%2F%2Fwww.joybynature.com%2F%3Futm_source%3DPayOOM%26utm_medium%3Daffiliate%26utm_campaign%3DPayOOM
Ruprr - CPS , Surprise your beloved a creative Valentineâ€™s Gift at Rs.500 +Extra 5% Off on Site + 15% PayTM cashback,VALE5/RUPRR15,02/04/2016,02/14/2016,http://tracking.payoom.com/aff_c?offer_id=908&aff_id=9070&url=https%3A%2F%2Fwww.ruprr.com%2Fcategories%2Fgifts%3Futm_source%3Dpayoom%26utm_medium%3Doffer%26utm_campaign%3Dvalentine_gift%26utm_source%3Dpayoom%26utm_medium%3Dbanner%26utm_campaign%3Dint-pro%C2%AD
StalkbuyLove - CPS,Get 20+5 % off on orders above Rs.1499 from the special Valentine Collection.,VALENTINE2K16,02/09/2016,02/14/2016,http://tracking.payoom.com/aff_c?offer_id=100&aff_id=9070&url=+http%3A%2F%2Fwww.stalkbuylove.com%2Fnew-collection%2Fvalentines-day.html%3Futm_source%3DPayoom%26utm_medium%3DCPS%26utm_term%3DGeneral%26utm_content%3DNone%26utm_campaign%3Dvalentine2016%26utm_source%3DPayoom%26utm_medium%3DCPS%26utm_term%3DGeneral%26utm_content%3DNone%26utm_campaign%3DJanweek2
Tolexo CPS,Flat 11% Off on Minimum Purchase of Rs.500 & above,GET11,02/10/2016,02/15/2016,http://tracking.payoom.com/aff_c?offer_id=963&aff_id=9070&url=http%3A%2F%2Fwww.tolexo.com%2F%3Futm_source%3Daff_payoom%26utm_medium%3Dcps%26utm_campaign%3Dbest_discounts%26utm_source%3Daff_payoom%26utm_medium%3Dcps%26utm_campaign%3Dbest_discounts
Tolexo CPS,Rs.75 Off on purchase of 500 & above,GET75,02/10/2016,02/15/2016,http://tracking.payoom.com/aff_c?offer_id=963&aff_id=9070&url=http%3A%2F%2Fwww.tolexo.com%2F%3Futm_source%3Daff_payoom%26utm_medium%3Dcps%26utm_campaign%3Dbest_discounts%26utm_source%3Daff_payoom%26utm_medium%3Dcps%26utm_campaign%3Dbest_discounts
Dominos - CPS,50% off on 300 (11-5pm)/20% off on 350,DHH50/NET07,01/02/2016,01/02/2016,http://tracking.payoom.com/aff_c?offer_id=217&aff_id=9070&url=https%3A%2F%2Fpizzaonline.dominos.co.in%2F%3Fsrc%3Dpayoom
Dominos - CPS,50% off on 300 (11-5pm)/20% off on 350,DHH50/NET07,02/02/2016,02/02/2016,http://tracking.payoom.com/aff_c?offer_id=217&aff_id=9070&url=https%3A%2F%2Fpizzaonline.dominos.co.in%2F%3Fsrc%3Dpayoom
Dominos - CPS,50% off on 300 (11-5pm)/What a Wednesday offer - 25% off on 350 and 100 off on 400,DHH50/TMP25/WBZ100,03/02/2016,03/02/2016,http://tracking.payoom.com/aff_c?offer_id=217&aff_id=9070&url=https%3A%2F%2Fpizzaonline.dominos.co.in%2F%3Fsrc%3Dpayoom
Dominos - CPS,50% off on 300 (11-5pm)/20% off on 350,DHH50/NET07,04/02/2016,04/02/2016,http://tracking.payoom.com/aff_c?offer_id=217&aff_id=9070&url=https%3A%2F%2Fpizzaonline.dominos.co.in%2F%3Fsrc%3Dpayoom
Dominos - CPS,50% off on 300 (11-5pm)/Garlic bread and dip free on 350,DHH50/NET09,05/02/2016,05/02/2016,http://tracking.payoom.com/aff_c?offer_id=217&aff_id=9070&url=https%3A%2F%2Fpizzaonline.dominos.co.in%2F%3Fsrc%3Dpayoom
Dominos - CPS,50% off on 300 (11-5pm)/Garlic bread and dip free on 350,DHH50/NET09,06/02/2016,06/02/2016,http://tracking.payoom.com/aff_c?offer_id=217&aff_id=9070&url=https%3A%2F%2Fpizzaonline.dominos.co.in%2F%3Fsrc%3Dpayoom
Dominos - CPS,50% off on 300 (11-5pm)/Garlic bread and dip free on 350,DHH50/NET09,07/02/2016,07/02/2016,http://tracking.payoom.com/aff_c?offer_id=217&aff_id=9070&url=https%3A%2F%2Fpizzaonline.dominos.co.in%2F%3Fsrc%3Dpayoom
Dominos - CPS,50% off on 300 (11-5pm)/20% off on 350,DHH50/Unique Code/NET07,08/02/2016,08/02/2016,http://tracking.payoom.com/aff_c?offer_id=217&aff_id=9070&url=https%3A%2F%2Fpizzaonline.dominos.co.in%2F%3Fsrc%3Dpayoom
Dominos - CPS,50% off on 300 (11-5pm)/20% off on 350,DHH50/NET07,09/02/2016,09/02/2016,http://tracking.payoom.com/aff_c?offer_id=217&aff_id=9070&url=https%3A%2F%2Fpizzaonline.dominos.co.in%2F%3Fsrc%3Dpayoom
Dominos - CPS,50% off on 300 (11-5pm)/What a Wednesday offer - 25% off on 350 and 100 off on 400,DHH50/TMP25/WBZ100,10/02/2016,10/02/2016,http://tracking.payoom.com/aff_c?offer_id=217&aff_id=9070&url=https%3A%2F%2Fpizzaonline.dominos.co.in%2F%3Fsrc%3Dpayoom
Dominos - CPS,50% off on 300 (11-5pm)/20% off on 350,DHH50/NET07,11/02/2016,11/02/2016,http://tracking.payoom.com/aff_c?offer_id=217&aff_id=9070&url=https%3A%2F%2Fpizzaonline.dominos.co.in%2F%3Fsrc%3Dpayoom
Dominos - CPS,50% off on 300 (11-5pm)/100 off on 400,DHH50/WBZ100,12/02/2016,12/02/2016,http://tracking.payoom.com/aff_c?offer_id=217&aff_id=9070&url=https%3A%2F%2Fpizzaonline.dominos.co.in%2F%3Fsrc%3Dpayoom
Dominos - CPS,50% off on 300 (11-5pm)/100 off on 400,DHH50/WBZ100,13/02/2016,13/02/2016,http://tracking.payoom.com/aff_c?offer_id=217&aff_id=9070&url=https%3A%2F%2Fpizzaonline.dominos.co.in%2F%3Fsrc%3Dpayoom
Dominos - CPS,50% off on 300 (11-5pm)/100 off on 400,DHH50/WBZ100,14/02/2016,14/02/2016,http://tracking.payoom.com/aff_c?offer_id=217&aff_id=9070&url=https%3A%2F%2Fpizzaonline.dominos.co.in%2F%3Fsrc%3Dpayoom
Dominos - CPS,50% off on 300 (11-5pm)/20% off on 350,DHH50/NET07/Unique code,15/02/2016,15/02/2016,http://tracking.payoom.com/aff_c?offer_id=217&aff_id=9070&url=https%3A%2F%2Fpizzaonline.dominos.co.in%2F%3Fsrc%3Dpayoom
Dominos - CPS,50% off on 300 (11-5pm)/20% off on 350,DHH50/NET07,16/02/2016,16/02/2016,http://tracking.payoom.com/aff_c?offer_id=217&aff_id=9070&url=https%3A%2F%2Fpizzaonline.dominos.co.in%2F%3Fsrc%3Dpayoom
Dominos - CPS,50% off on 300 (11-5pm)/What a Wednesday offer - 25% off on 350 and 100 off on 400,DHH50/TMP25/WBZ100,17/02/2016,17/02/2016,http://tracking.payoom.com/aff_c?offer_id=217&aff_id=9070&url=https%3A%2F%2Fpizzaonline.dominos.co.in%2F%3Fsrc%3Dpayoom
Dominos - CPS,50% off on 300 (11-5pm)/20% off on 350,DHH50/NET07,18/02/2016,18/02/2016,http://tracking.payoom.com/aff_c?offer_id=217&aff_id=9070&url=https%3A%2F%2Fpizzaonline.dominos.co.in%2F%3Fsrc%3Dpayoom
Dominos - CPS,Garlic bread and dip free on 350,NET09,19/02/2016,19/02/2016,http://tracking.payoom.com/aff_c?offer_id=217&aff_id=9070&url=https%3A%2F%2Fpizzaonline.dominos.co.in%2F%3Fsrc%3Dpayoom
Dominos - CPS,Garlic bread and dip free on 350,NET09,20/02/2016,20/02/2016,http://tracking.payoom.com/aff_c?offer_id=217&aff_id=9070&url=https%3A%2F%2Fpizzaonline.dominos.co.in%2F%3Fsrc%3Dpayoom
Dominos - CPS,Garlic bread and dip free on 350,NET09,21/02/2016,21/02/2016,http://tracking.payoom.com/aff_c?offer_id=217&aff_id=9070&url=https%3A%2F%2Fpizzaonline.dominos.co.in%2F%3Fsrc%3Dpayoom
Dominos - CPS,20% off on 350,NET07,22/02/2016,22/02/2016,http://tracking.payoom.com/aff_c?offer_id=217&aff_id=9070&url=https%3A%2F%2Fpizzaonline.dominos.co.in%2F%3Fsrc%3Dpayoom
Dominos - CPS,20% off on 350,NET07,23/02/2016,23/02/2016,http://tracking.payoom.com/aff_c?offer_id=217&aff_id=9070&url=https%3A%2F%2Fpizzaonline.dominos.co.in%2F%3Fsrc%3Dpayoom
Dominos - CPS,What a Wednesday offer - 25% off on 350 and 100 off on 400,TMP25/WBZ100,24/02/2016,24/02/2016,http://tracking.payoom.com/aff_c?offer_id=217&aff_id=9070&url=https%3A%2F%2Fpizzaonline.dominos.co.in%2F%3Fsrc%3Dpayoom
Dominos - CPS,20% off on 350,NET07,25/02/2016,25/02/2016,http://tracking.payoom.com/aff_c?offer_id=217&aff_id=9070&url=https%3A%2F%2Fpizzaonline.dominos.co.in%2F%3Fsrc%3Dpayoom
Dominos - CPS,100 off on 400,WBZ100,26/02/2016,26/02/2016,http://tracking.payoom.com/aff_c?offer_id=217&aff_id=9070&url=https%3A%2F%2Fpizzaonline.dominos.co.in%2F%3Fsrc%3Dpayoom
Dominos - CPS,100 off on 400,WBZ100,27/02/2016,27/02/2016,http://tracking.payoom.com/aff_c?offer_id=217&aff_id=9070&url=https%3A%2F%2Fpizzaonline.dominos.co.in%2F%3Fsrc%3Dpayoom
Dominos - CPS,100 off on 400,WBZ100,28/02/2016,28/02/2016,http://tracking.payoom.com/aff_c?offer_id=217&aff_id=9070&url=https%3A%2F%2Fpizzaonline.dominos.co.in%2F%3Fsrc%3Dpayoom
Dominos - CPS,20% off on 350,NET07,29/02/2016,29/02/2016,http://tracking.payoom.com/aff_c?offer_id=217&aff_id=9070&url=https%3A%2F%2Fpizzaonline.dominos.co.in%2F%3Fsrc%3Dpayoom
Rediff CPS,lowest price anywhere,,02/02/2016,01/01/1970,http://tracking.payoom.com/aff_c?offer_id=590&aff_id=9070&url=http%3A%2F%2Fshopping.rediff.com%2Fproduct%2Fkia-fashions-bollywood-replica-heena-khan-red-designer-saree%2F16403874%3Fsc_cid%3Dpayoom
Rediff CPS,lowest price anywhere,,02/02/2016,01/01/1970,http://tracking.payoom.com/aff_c?offer_id=590&aff_id=9070&url=http%3A%2F%2Fshopping.rediff.com%2Fproduct%2Fbollywood-replica-madhuri-dixit-pista-green-colored-saree%2F14712216%3Fsc_cid%3Dpayoom
Rediff CPS,lowest price anywhere,,02/02/2016,01/01/1970,http://tracking.payoom.com/aff_c?offer_id=590&aff_id=9070&url=http%3A%2F%2Fshopping.rediff.com%2Fproduct%2Fdesigner-weightless-printed-cotton-kurtis-combo-pack-of-4-kurtis-combo-k87%2F16906785%3Fsc_cid%3Dpayoom
Rediff CPS,lowest price anywhere,,02/02/2016,01/01/1970,http://tracking.payoom.com/aff_c?offer_id=590&aff_id=9070&url=http%3A%2F%2Fshopping.rediff.com%2Fproduct%2Ffasense-women-6-pcs-set-nightwear-set-nighty-robe-top-barmuda-sleepwear%2F11903257%3Fsc_cid%3Dpayoom
Rediff CPS,lowest price anywhere,,02/02/2016,01/01/1970,http://tracking.payoom.com/aff_c?offer_id=590&aff_id=9070&url=http%3A%2F%2Fshopping.rediff.com%2Fproduct%2Fclovia-5-tier-babydoll-in-red--ns0317p04%2F15569805%3Fsc_cid%3Dpayoom
Rediff CPS,lowest price anywhere,,02/02/2016,01/01/1970,http://tracking.payoom.com/aff_c?offer_id=590&aff_id=9070&url=http%3A%2F%2Fshopping.rediff.com%2Fproduct%2Fbuy-1-printed-polar-fleece-jacket-for-women--amp--get-1-plain-polar-fleece-jacket-for-men-free%2F16349634%3Fsc_cid%3Dpayoom
Rediff CPS,lowest price anywhere,,02/02/2016,01/01/1970,http://tracking.payoom.com/aff_c?offer_id=590&aff_id=9070&url=http%3A%2F%2Fshopping.rediff.com%2Fproduct%2Festoss-set-of-3-handbag-combo---black-handbag--multicolor-clutch--amp--black-sling-pouch%2F16051498%3Fsc_cid%3Dpayoom
Rediff CPS,lowest price anywhere,,02/02/2016,01/01/1970,http://tracking.payoom.com/aff_c?offer_id=590&aff_id=9070&url=http%3A%2F%2Fshopping.rediff.com%2Fproduct%2Fbuy-1-lancer-sports-shoes--amp--get-1-pure-play-shoes-free%2F16321920%3Fsc_cid%3Dpayoom
Rediff CPS,lowest price anywhere,,02/02/2016,01/01/1970,http://tracking.payoom.com/aff_c?offer_id=590&aff_id=9070&url=http%3A%2F%2Fshopping.rediff.com%2Fproduct%2Fmini-sewing-machine-portable-4-in-1-with-adapter--amp--pedal%2F14886691%3Fsc_cid%3Dsearch_sewing%2520machine%26sc_cid%3Dpayoom
Rediff CPS,lowest price anywhere,,02/02/2016,01/01/1970,http://tracking.payoom.com/aff_c?offer_id=590&aff_id=9070&url=http%3A%2F%2Fshopping.rediff.com%2Fproduct%2Fusb-spy-pen-camera---expandable-upto-16gb%2F16382775%3Fsc_cid%3Dsearch_sewing%2520machine%7Csearch_spy%2520pen%26sc_cid%3Dpayoom
Rediff CPS,lowest price anywhere,,02/02/2016,01/01/1970,http://tracking.payoom.com/aff_c?offer_id=590&aff_id=9070&url=http%3A%2F%2Fshopping.rediff.com%2Fproduct%2Fnew-complete-car-maintenance-combo%2F16287174%3Fsc_cid%3Dsearch_sewing%2520machinefixcat_browse%7Csearch_maintenance%2520combo%26sc_cid%3Dpayoom
Rediff CPS,lowest price anywhere,,02/02/2016,01/01/1970,http://tracking.payoom.com/aff_c?offer_id=590&aff_id=9070&url=http%3A%2F%2Fshopping.rediff.com%2Fproduct%2Fcombo-of-air-compressor--car-jack--car-tyre-repair-kit-and-multipurpose-tool%2F16287582%3Fsc_cid%3Dalpha-radios%26sc_cid%3Dpayoom
Rediff CPS,lowest price anywhere,,02/02/2016,01/01/1970,http://tracking.payoom.com/aff_c?offer_id=590&aff_id=9070&url=http%3A%2F%2Fshopping.rediff.com%2Fproduct%2Fjbl-t26c-on-ear-headphone-black%2F17051059%3Fsc_cid%3Dalpha-radios%7Csearch_JBL%2520earphones%26sc_cid%3Dpayoom
Rediff CPS,lowest price anywhere,,02/02/2016,01/01/1970,http://tracking.payoom.com/aff_c?offer_id=590&aff_id=9070&url=http%3A%2F%2Fmshop.rediff.com%2Fproduct%2F99-store%2FBuy-2-Get-2-Free-snaptic-Led-Sports-Digital-Jelly-Watch%2F15986210%3Fsc_cid%3Dpayoom
Rediff CPS,lowest price anywhere,,02/02/2016,01/01/1970,http://tracking.payoom.com/aff_c?offer_id=590&aff_id=9070&url=http%3A%2F%2Fshopping.rediff.com%2Fproduct%2F11925782%3Fsc_cid%3Dpayoom
Rediff CPS,lowest price anywhere,,02/02/2016,01/01/1970,http://tracking.payoom.com/aff_c?offer_id=590&aff_id=9070&url=http%3A%2F%2Fshopping.rediff.com%2Fproduct%2F13934207%3Fsc_cid%3Dpayoom
Rediff CPS,lowest price anywhere,,02/02/2016,01/01/1970,http://tracking.payoom.com/aff_c?offer_id=590&aff_id=9070&url=http%3A%2F%2Fshop.rediff.com%2Fproduct%2F16895564%3Fsc_cid%3Dpayoom
Rediff CPS,lowest price anywhere,,02/02/2016,01/01/1970,http://tracking.payoom.com/aff_c?offer_id=590&aff_id=9070&url=http%3A%2F%2Fshop.rediff.com%2Fproduct%2F16895590%3Fsc_cid%3Dpayoom
Rediff CPS,lowest price anywhere,,02/02/2016,01/01/1970,http://tracking.payoom.com/aff_c?offer_id=590&aff_id=9070&url=http%3A%2F%2Fshopping.rediff.com%2Fproduct%2F16911878%3Fsc_cid%3Dpayoom
Rediff CPS,lowest price anywhere,,02/02/2016,01/01/1970,http://tracking.payoom.com/aff_c?offer_id=590&aff_id=9070&url=http%3A%2F%2Fshopping.rediff.com%2Fproduct%2F16911882%3Fsc_cid%3Dpayoom
Rediff CPS,lowest price anywhere,,02/02/2016,01/01/1970,http://tracking.payoom.com/aff_c?offer_id=590&aff_id=9070&url=http%3A%2F%2Fshopping.rediff.com%2Fproduct%2Freebok-gym-duffle-bag-and-reebok-sunglasses-with-free-reebok-watch%2F16031099%3Fsc_cid%3Dpayoom
Rediff CPS,lowest price anywhere,,02/02/2016,01/01/1970,http://tracking.payoom.com/aff_c?offer_id=590&aff_id=9070&url=http%3A%2F%2Fshop.rediff.com%2Fproduct%2F15967042%3Fsc_cid%3Dpayoom
Rediff CPS,lowest price anywhere,,02/02/2016,01/01/1970,http://tracking.payoom.com/aff_c?offer_id=590&aff_id=9070&url=http%3A%2F%2Fshop.rediff.com%2Fproduct%2F16270758%3Fsc_cid%3Dpayoom
Rediff CPS,lowest price anywhere,,02/02/2016,01/01/1970,http://tracking.payoom.com/aff_c?offer_id=590&aff_id=9070&url=http%3A%2F%2Fshop.rediff.com%2Fproduct%2F13496960%3Fsc_cid%3Dpayoom
Rediff CPS,lowest price anywhere,,02/02/2016,01/01/1970,http://tracking.payoom.com/aff_c?offer_id=590&aff_id=9070&url=http%3A%2F%2Fshopping.rediff.com%2Fproduct%2Ftowel-town-ecospun-420-gsm-set-of-10-pcs-cotton-face-towel-assorted-color%2F16975172%3Fsc_cid%3Dpayoom
Rediff CPS,lowest price anywhere,,02/02/2016,01/01/1970,http://tracking.payoom.com/aff_c?offer_id=590&aff_id=9070&url=http%3A%2F%2Fshopping.rediff.com%2Fproduct%2F14054382%3Fsc_cid%3Dpayoom
Rediff CPS,lowest price anywhere,,02/02/2016,01/01/1970,http://tracking.payoom.com/aff_c?offer_id=590&aff_id=9070&url=http%3A%2F%2Fshopping.rediff.com%2Fproduct%2F15118469%3Fsc_cid%3Dpayoom
Rediff CPS,lowest price anywhere,,02/02/2016,29/02/2016,http://tracking.payoom.com/aff_c?offer_id=590&aff_id=9070&url=http%3A%2F%2Fshopping.rediff.com%2Fproduct%2Fkia-fashions-bollywood-replica-heena-khan-red-designer-saree%2F16403874%3Fsc_cid%3Dpayoom
Rediff CPS,lowest price anywhere,,02/02/2016,29/02/2016,http://tracking.payoom.com/aff_c?offer_id=590&aff_id=9070&url=http%3A%2F%2Fshopping.rediff.com%2Fproduct%2Fbollywood-replica-madhuri-dixit-pista-green-colored-saree%2F14712216%3Fsc_cid%3Dpayoom
Rediff CPS,lowest price anywhere,,02/02/2016,29/02/2016,http://tracking.payoom.com/aff_c?offer_id=590&aff_id=9070&url=http%3A%2F%2Fshopping.rediff.com%2Fproduct%2Fdesigner-weightless-printed-cotton-kurtis-combo-pack-of-4-kurtis-combo-k87%2F16906785%3Fsc_cid%3Dpayoom
Rediff CPS,lowest price anywhere,,02/02/2016,29/02/2016,http://tracking.payoom.com/aff_c?offer_id=590&aff_id=9070&url=http%3A%2F%2Fshopping.rediff.com%2Fproduct%2Ffasense-women-6-pcs-set-nightwear-set-nighty-robe-top-barmuda-sleepwear%2F11903257%3Fsc_cid%3Dpayoom
Rediff CPS,lowest price anywhere,,02/02/2016,29/02/2016,http://tracking.payoom.com/aff_c?offer_id=590&aff_id=9070&url=http%3A%2F%2Fshopping.rediff.com%2Fproduct%2Fclovia-5-tier-babydoll-in-red--ns0317p04%2F15569805%3Fsc_cid%3Dpayoom
Rediff CPS,lowest price anywhere,,02/02/2016,29/02/2016,http://tracking.payoom.com/aff_c?offer_id=590&aff_id=9070&url=http%3A%2F%2Fshopping.rediff.com%2Fproduct%2Fbuy-1-printed-polar-fleece-jacket-for-women--amp--get-1-plain-polar-fleece-jacket-for-men-free%2F16349634%3Fsc_cid%3Dpayoom
Rediff CPS,lowest price anywhere,,02/02/2016,29/02/2016,http://tracking.payoom.com/aff_c?offer_id=590&aff_id=9070&url=http%3A%2F%2Fshopping.rediff.com%2Fproduct%2Festoss-set-of-3-handbag-combo---black-handbag--multicolor-clutch--amp--black-sling-pouch%2F16051498%3Fsc_cid%3Dpayoom
Rediff CPS,lowest price anywhere,,02/02/2016,29/02/2016,http://tracking.payoom.com/aff_c?offer_id=590&aff_id=9070&url=http%3A%2F%2Fshopping.rediff.com%2Fproduct%2Fbuy-1-lancer-sports-shoes--amp--get-1-pure-play-shoes-free%2F16321920%3Fsc_cid%3Dpayoom
Rediff CPS,lowest price anywhere,,02/02/2016,29/02/2016,http://tracking.payoom.com/aff_c?offer_id=590&aff_id=9070&url=http%3A%2F%2Fshopping.rediff.com%2Fproduct%2Fmini-sewing-machine-portable-4-in-1-with-adapter--amp--pedal%2F14886691%3Fsc_cid%3Dsearch_sewing%2520machine%26sc_cid%3Dpayoom
Rediff CPS,lowest price anywhere,,02/02/2016,29/02/2016,http://tracking.payoom.com/aff_c?offer_id=590&aff_id=9070&url=http%3A%2F%2Fshopping.rediff.com%2Fproduct%2Fusb-spy-pen-camera---expandable-upto-16gb%2F16382775%3Fsc_cid%3Dsearch_sewing%2520machine%7Csearch_spy%2520pen%26sc_cid%3Dpayoom
Rediff CPS,lowest price anywhere,,02/02/2016,29/02/2016,http://tracking.payoom.com/aff_c?offer_id=590&aff_id=9070&url=http%3A%2F%2Fshopping.rediff.com%2Fproduct%2Fnew-complete-car-maintenance-combo%2F16287174%3Fsc_cid%3Dsearch_sewing%2520machinefixcat_browse%7Csearch_maintenance%2520combo%26sc_cid%3Dpayoom
Rediff CPS,lowest price anywhere,,02/02/2016,29/02/2016,http://tracking.payoom.com/aff_c?offer_id=590&aff_id=9070&url=http%3A%2F%2Fshopping.rediff.com%2Fproduct%2Fcombo-of-air-compressor--car-jack--car-tyre-repair-kit-and-multipurpose-tool%2F16287582%3Fsc_cid%3Dalpha-radios%26sc_cid%3Dpayoom
Rediff CPS,lowest price anywhere,,02/02/2016,29/02/2016,http://tracking.payoom.com/aff_c?offer_id=590&aff_id=9070&url=http%3A%2F%2Fshopping.rediff.com%2Fproduct%2Fjbl-t26c-on-ear-headphone-black%2F17051059%3Fsc_cid%3Dalpha-radios%7Csearch_JBL%2520earphones%26sc_cid%3Dpayoom
Rediff CPS,lowest price anywhere,,02/02/2016,29/02/2016,http://tracking.payoom.com/aff_c?offer_id=590&aff_id=9070&url=http%3A%2F%2Fmshop.rediff.com%2Fproduct%2F99-store%2FBuy-2-Get-2-Free-snaptic-Led-Sports-Digital-Jelly-Watch%2F15986210%3Fsc_cid%3Dpayoom
Rediff CPS,lowest price anywhere,,02/02/2016,29/02/2016,http://tracking.payoom.com/aff_c?offer_id=590&aff_id=9070&url=http%3A%2F%2Fshopping.rediff.com%2Fproduct%2F11925782%3Fsc_cid%3Dpayoom
Rediff CPS,lowest price anywhere,,02/02/2016,29/02/2016,http://tracking.payoom.com/aff_c?offer_id=590&aff_id=9070&url=http%3A%2F%2Fshopping.rediff.com%2Fproduct%2F13934207%3Fsc_cid%3Dpayoom
Rediff CPS,lowest price anywhere,,02/02/2016,29/02/2016,http://tracking.payoom.com/aff_c?offer_id=590&aff_id=9070&url=http%3A%2F%2Fshop.rediff.com%2Fproduct%2F16895564%3Fsc_cid%3Dpayoom
Rediff CPS,lowest price anywhere,,02/02/2016,29/02/2016,http://tracking.payoom.com/aff_c?offer_id=590&aff_id=9070&url=http%3A%2F%2Fshop.rediff.com%2Fproduct%2F16895590%3Fsc_cid%3Dpayoom
Rediff CPS,lowest price anywhere,,02/02/2016,29/02/2016,http://tracking.payoom.com/aff_c?offer_id=590&aff_id=9070&url=http%3A%2F%2Fshopping.rediff.com%2Fproduct%2F16911878%3Fsc_cid%3Dpayoom
Rediff CPS,lowest price anywhere,,02/02/2016,29/02/2016,http://tracking.payoom.com/aff_c?offer_id=590&aff_id=9070&url=http%3A%2F%2Fshopping.rediff.com%2Fproduct%2F16911882%3Fsc_cid%3Dpayoom
Rediff CPS,lowest price anywhere,,02/02/2016,29/02/2016,http://tracking.payoom.com/aff_c?offer_id=590&aff_id=9070&url=http%3A%2F%2Fshopping.rediff.com%2Fproduct%2Freebok-gym-duffle-bag-and-reebok-sunglasses-with-free-reebok-watch%2F16031099%3Fsc_cid%3Dpayoom
Rediff CPS,lowest price anywhere,,02/02/2016,29/02/2016,http://tracking.payoom.com/aff_c?offer_id=590&aff_id=9070&url=http%3A%2F%2Fshop.rediff.com%2Fproduct%2F15967042%3Fsc_cid%3Dpayoom
Rediff CPS,lowest price anywhere,,02/02/2016,29/02/2016,http://tracking.payoom.com/aff_c?offer_id=590&aff_id=9070&url=http%3A%2F%2Fshop.rediff.com%2Fproduct%2F16270758%3Fsc_cid%3Dpayoom
Rediff CPS,lowest price anywhere,,02/02/2016,29/02/2016,http://tracking.payoom.com/aff_c?offer_id=590&aff_id=9070&url=http%3A%2F%2Fshop.rediff.com%2Fproduct%2F13496960%3Fsc_cid%3Dpayoom
Rediff CPS,lowest price anywhere,,02/02/2016,29/02/2016,http://tracking.payoom.com/aff_c?offer_id=590&aff_id=9070&url=http%3A%2F%2Fshopping.rediff.com%2Fproduct%2Ftowel-town-ecospun-420-gsm-set-of-10-pcs-cotton-face-towel-assorted-color%2F16975172%3Fsc_cid%3Dpayoom
Rediff CPS,lowest price anywhere,,02/02/2016,29/02/2016,http://tracking.payoom.com/aff_c?offer_id=590&aff_id=9070&url=http%3A%2F%2Fshopping.rediff.com%2Fproduct%2F14054382%3Fsc_cid%3Dpayoom
Rediff CPS,lowest price anywhere,,02/02/2016,29/02/2016,http://tracking.payoom.com/aff_c?offer_id=590&aff_id=9070&url=http%3A%2F%2Fshopping.rediff.com%2Fproduct%2F15118469%3Fsc_cid%3Dpayoom
Floweraura CPS,Valentine Flowers Flat 15% off,VD15,02/10/2016,02/15/2016,http://tracking.payoom.com/aff_c?offer_id=610&aff_id=9070&url=http%3A%2F%2Fwww.floweraura.com%2F%3Futm_source%3Dmooya%26utm_medium%3Daffiliate%26utm_campaign%3Dcps
Paytm CPS, Flat Rs 100 cashback on all Bus Ticket Order of Rs 400 or more,BUSFEB100,02/01/2016,02/29/2016,http://tracking.payoom.com/aff_c?offer_id=193&aff_id=9070&url=https%3A%2F%2Fpaytm.com%2Fbus-tickets%3Futm_source%3DAffiliates%26utm_medium%3DPayoom%26utm_term%3D%7Baffiliate_id%7D%7Btransaction_id%7D%26utm_campaign%3DPayoom
Paytm CPS,Booking the Bus ticket for the first time now New users get flat Rs 150 cashback on all Bus ticket bookings only on paytm.,WELCOMEBUS,02/01/2016,02/29/2016,http://tracking.payoom.com/aff_c?offer_id=193&aff_id=9070&url=https%3A%2F%2Fpaytm.com%2Fbus-tickets%3Futm_source%3DAffiliates%26utm_medium%3DPayoom%26utm_term%3D%7Baffiliate_id%7D%7Btransaction_id%7D%26utm_campaign%3DPayoom
Paytm CPS,Get Flat Rs 150 cashback on Bus ticket bookings of Rs 600 or more,SUNDAYBUS,02/01/2016,02/29/2016,http://tracking.payoom.com/aff_c?offer_id=193&aff_id=9070&url=https%3A%2F%2Fpaytm.com%2Fbus-tickets%3Futm_source%3DAffiliates%26utm_medium%3DPayoom%26utm_term%3D%7Baffiliate_id%7D%7Btransaction_id%7D%26utm_campaign%3DPayoom
Paytm CPS,Get flat 15% cash back on all Bus ticket bookings. No limit offer.,FAMILYBUS,02/01/2016,02/29/2016,http://tracking.payoom.com/aff_c?offer_id=193&aff_id=9070&url=https%3A%2F%2Fpaytm.com%2Fbus-tickets%3Futm_source%3DAffiliates%26utm_medium%3DPayoom%26utm_term%3D%7Baffiliate_id%7D%7Btransaction_id%7D%26utm_campaign%3DPayoom
Infibeam - CPS,Extra 14% MobiKwik Cashback Offer,LUV14,02/11/2016,02/15/2016,http://tracking.payoom.com/aff_c?offer_id=812&aff_id=9070&url=http%3A%2F%2Fwww.infibeam.com%2FPortable_Electronics%2Fcallmate-4l-16800-mah-power-bank-with-3%2FP-poel-98772163914-cat-z.html%23variantId%3DP-poel-4553703871%3FtrackId%3Dpayo
AskMeGrocery - CPS, Extra 10% Off on Grocery & Staples.,HNY10,02/11/2016,02/21/2016,http://tracking.payoom.com/aff_c?offer_id=806&aff_id=9070&url=http%3A%2F%2Fwww.askmegrocery.com%2F%3Futm_source%3Daffiliate%26utm_medium%3Dpayoom
Ticketgoose CPS, Flat 5% Off on Bus tickets,AFTG5,02/12/2016,02/29/2016,http://tracking.payoom.com/aff_c?offer_id=146&aff_id=9070&url=http%3A%2F%2Fwww.ticketgoose.com%2Fbookbustickets%2F%3Futm_source%3Dpayom%26utm_medium%3Dcpa%26utm_campaign%3DFeb16%26utm_source%3Dpayom%26utm_medium%3DCPA%26utm_campaign%3DAffilApril14
AskMeGrocery - CPS,12 % off on Grocery & Staples,FLASH12,02/13/2016,02/13/2016,http://tracking.payoom.com/aff_c?offer_id=806&aff_id=9070&url=http%3A%2F%2Fwww.askmegrocery.com%2F%3Futm_source%3Daffiliate%26utm_medium%3Dpayoom
AskMeGrocery - CPS,10 % off on Grocery & Staples,HNY10,02/13/2016,02/14/2016,http://tracking.payoom.com/aff_c?offer_id=806&aff_id=9070&url=http%3A%2F%2Fwww.askmegrocery.com%2F%3Futm_source%3Daffiliate%26utm_medium%3Dpayoom
Swiggy- CPS, Rs. 75 cashback on min order of Rs.300,SWIGGYPMCB75,02/15/2016,02/29/2016,http://tracking.payoom.com/aff_c?offer_id=699&aff_id=9070&url=https%3A%2F%2Fwww.swiggy.com%2F%3Futm_source%3Daffiliate%26utm_medium%3Dpayoom
NetMeds CPS,FLAT 17% OFF on all medicines,NET17SPF,02/15/2016,02/29/2016,http://tracking.payoom.com/aff_c?offer_id=766&aff_id=9070&url=http%3A%2F%2Fwww.netmeds.com%2F%3Fsource_attribution%3DPayoom-CPS%26utm_source%3DPayoom-CPS%26utm_medium%3DCPS-Banner%26utm_campaign%3DDisplay%26utm_content%3DCPS-Cent
Ruprr - CPS ,Extra 5% Off on Site + 15% PayTM cashback   ,RUPRR5,02/16/2016,02/29/2016,http://tracking.payoom.com/aff_c?offer_id=908&aff_id=9070&url=https%3A%2F%2Fwww.ruprr.com%3Futm_source%3Dpayoom%26utm_medium%3Doffer%26utm_campaign%3Dnever_miss_offer%26utm_source%3Dpayoom%26utm_medium%3Dbanner%26utm_campaign%3Dint-pro%C2%AD
Tolexo CPS,Flat 11% Off on Minimum Purchase of Rs.500 & above Max Disc. Capped at 125, BIGOFFER11,02/18/2016,02/29/2016,http://tracking.payoom.com/aff_c?offer_id=963&aff_id=9070&url=http%3A%2F%2Fwww.tolexo.com%2F%3Fgclid%3DCjwKEAiA0ZC2BRDpo_Pym8m-4n4SJAB5Bn4x51NPeWhB8eF-g36aJe5ECjC1xINy6P-bOAtoT24mJRoCBpHw_wcB%26utm_source%3Daff_payoom%26utm_medium%3Dcps%26utm_campaign%3Dbest_discounts
Tolexo CPS,Rs.75 Off on purchase of 500 & above,BIGOFFER75,02/18/2016,02/29/2016,http://tracking.payoom.com/aff_c?offer_id=963&aff_id=9070&url=http%3A%2F%2Fwww.tolexo.com%2F%3Futm_source%3Daff_payoom%26utm_medium%3Dcps%26utm_campaign%3Dbest_discounts
Hallmark - CPS,10%off on Birthday Cards,BDY10,02/18/2016,02/29/2016,http://tracking.payoom.com/aff_c?offer_id=516&aff_id=9070&url=http%3A%2F%2Fwww.hallmark.com%2F%3Futm_source%3DPayoom%26utm_medium%3DBanner%26utm_term%3DPromotion%26utm_content%3DConversion%2520Sales%2520from%2520payoom%26utm_campaign%3DOP10
Ticketgoose CPS, Flat 6% Off on Bus tickets.,AFT6,02/18/2016,02/29/2016,http://tracking.payoom.com/aff_c?offer_id=146&aff_id=9070&url=http%3A%2F%2Fwww.ticketgoose.com%2Fbookbustickets%2F%3Futm_source%3Dpayom%26utm_medium%3Dcpa%26utm_campaign%3DFeb16%26utm_source%3Dpayom%26utm_medium%3DCPA%26utm_campaign%3DAffilApril14
Healthgenie CPS,10% off on cart value of  Rs. 2500,FEB10,02/18/2016,02/29/2016,http://tracking.payoom.com/aff_c?offer_id=604&aff_id=9070&url=http%3A%2F%2Fwww.healthgenie.in%2Foffers%2Fvalentine-s-day-special%3Futm_source%3Dpayoom%26utm_medium%3Dbanner%26utm_campaign%3Dpayoomcps
Koovs - CPS,10% OFF on 1000 and above,ALL10,02/20/2016,02/29/2016,http://tracking.payoom.com/aff_c?offer_id=98&aff_id=9070&url=http%3A%2F%2Fwww.koovs.com%2Fmen%3Futm_source%3Dpayoom%26utm_medium%3Dcpa%26utm_campaign%3Dtest
AskMeGrocery - CPS,FRIDAY SALE | FLAT 12% OFF + Extra 10% Cashback on Mobikwik Wallet,FRI12,02/19/2016,02/19/2016,http://tracking.payoom.com/aff_c?offer_id=806&aff_id=9070&url=http%3A%2F%2Fwww.askmegrocery.com%2F%3Futm_source%3Daffiliate%26utm_medium%3Dpayoom
Oyorooms-CPS,Book OYOs in major cities and get 35% Off!,BIG35,02/19/2016,02/25/2016,http://tracking.payoom.com/aff_c?offer_id=546&aff_id=9070&url=https%3A%2F%2Fwww.oyorooms.com%2Fdeals%2Fbig35-offer%3Fid%3D93%26utm_source%3Dn11s%26utm_medium%3Dcps1%26utm_campaign%3Daffiliate4
AskMeGrocery - CPS,Get 15 % off on Grocery & staples on for 3 hours,FLASH15,02/22/2016,02/25/2016,http://tracking.payoom.com/aff_c?offer_id=806&aff_id=9070&url=http%3A%2F%2Fwww.askmegrocery.com%2F%3Futm_source%3Daffiliate%26utm_medium%3Dpayoom
AskMeGrocery - CPS,Extra 10% Off on Grocery & Staples,HNY10,02/22/2016,02/25/2016,http://tracking.payoom.com/aff_c?offer_id=806&aff_id=9070&url=http%3A%2F%2Fwww.askmegrocery.com%2F%3Futm_source%3Daffiliate%26utm_medium%3Dpayoom
Shopnineteen - CPS,Pick any 3 for 999, MKT999,02/23/2016,02/25/2016,http://tracking.payoom.com/aff_c?offer_id=630&aff_id=9070&url=http%3A%2F%2Fwww.shopnineteen.com%2F999-offer.html%3Futm_source%3DPayoom%26utm_medium%3DAffiliate%26utm_campaign%3D999-Offer-23Feb16%26nineaflt%3DPOM%26nineaflt%3DPOM
SyberPlace - CPS,Apple brand wide Offer 2000 off,APP2000,02/23/2016,02/26/2016,http://tracking.payoom.com/aff_c?offer_id=727&aff_id=9070&url=https%3A%2F%2Fwww.syberplace.com%2Fsmartphones%2Fapple-iphone.html%3Futm_source%3Dpayoom%26utm_medium%3DCPS%26utm_campaign%3Daffiliate
SyberPlace - CPS, LG Spirit 4G LTE (Black Titan) for 7999,LG2000,02/24/2016,02/29/2016,http://tracking.payoom.com/aff_c?offer_id=727&aff_id=9070&url=https%3A%2F%2Fwww.syberplace.com%2Flg-spirit-4g-lte-blacktitan.html%3Futm_source%3Dpayoom%26utm_medium%3DCPS%26utm_campaign%3Daffiliate
Dominos - CPS,Buy 1 Pizza Get 1 Pizza Free!,MOB06,02/26/2016,02/26/2016,http://tracking.payoom.com/aff_c?offer_id=217&aff_id=9070&url=https%3A%2F%2Fpizzaonline.dominos.co.in%2F%3Fsrc%3Dbrand%26src%3Dpayoom
